ÀÇ¿Õ,±¤¿î´ë,4,5:20:0,5:20:4
ÀÇ¿Õ,Ã»·®¸®,71,5:44:0,5:45:11
ÀÇ¿Õ,±¤¿î´ë,33,5:57:0,5:57:33
ÀÇ¿Õ,Ã»·®¸®,3,6:7:30,6:7:33
ÀÇ¿Õ,±¤¿î´ë,76,6:17:0,6:18:16
ÀÇ¿Õ,±¤¿î´ë,15,6:28:30,6:28:45
ÀÇ¿Õ,Ã»·®¸®,79,6:39:0,6:40:19
ÀÇ¿Õ,±¤¿î´ë,36,6:49:0,6:49:36
ÀÇ¿Õ,Ã»·®¸®,73,6:59:30,7:0:43
ÀÇ¿Õ,±¤¿î´ë,18,7:7:0,7:7:18
ÀÇ¿Õ,Ã»·®¸®,37,7:15:0,7:15:37
ÀÇ¿Õ,Ã»·®¸®,7,7:24:0,7:24:7
ÀÇ¿Õ,±¤¿î´ë,1,7:35:0,7:35:1
ÀÇ¿Õ,Ã»·®¸®,13,7:44:0,7:44:13
ÀÇ¿Õ,±¤¿î´ë,46,7:51:0,7:51:46
ÀÇ¿Õ,±¤¿î´ë,11,8:1:0,8:1:11
ÀÇ¿Õ,Ã»·®¸®,25,8:10:0,8:10:25
ÀÇ¿Õ,±¤¿î´ë,16,8:19:0,8:19:16
ÀÇ¿Õ,Ã»·®¸®,36,8:27:0,8:27:36
ÀÇ¿Õ,±¤¿î´ë,31,8:33:30,8:34:1
ÀÇ¿Õ,Ã»·®¸®,26,8:42:0,8:42:26
ÀÇ¿Õ,µ¿¹¦¾Õ,33,8:51:0,8:51:33
ÀÇ¿Õ,Ã»·®¸®,36,9:0:0,9:0:36
ÀÇ¿Õ,±¤¿î´ë,142,9:8:0,9:10:22
ÀÇ¿Õ,Ã»·®¸®,98,9:14:30,9:16:8
ÀÇ¿Õ,±¤¿î´ë,43,9:23:0,9:23:43
ÀÇ¿Õ,Ã»·®¸®,85,9:31:0,9:32:25
ÀÇ¿Õ,µ¿¹¦¾Õ,6,9:39:0,9:39:6
ÀÇ¿Õ,Ã»·®¸®,97,9:49:0,9:50:37
ÀÇ¿Õ,±¤¿î´ë,15,9:59:0,9:58:45
ÀÇ¿Õ,Ã»·®¸®,6,10:9:0,10:9:6
ÀÇ¿Õ,µ¿¹¦¾Õ,98,10:19:0,10:20:38
ÀÇ¿Õ,Ã»·®¸®,0,10:29:0,10:29:0
ÀÇ¿Õ,±¸·Î,0,10:41:0,10:41:0
ÀÇ¿Õ,Ã»·®¸®,7,10:45:30,10:45:23
ÀÇ¿Õ,±¤¿î´ë,32,10:56:0,10:56:32
ÀÇ¿Õ,Ã»·®¸®,115,11:5:0,11:6:55
ÀÇ¿Õ,±¤¿î´ë,69,11:16:0,11:17:9
ÀÇ¿Õ,µ¿¹¦¾Õ,7,11:16:0,11:15:53
ÀÇ¿Õ,Ã»·®¸®,17,11:26:30,11:26:13
ÀÇ¿Õ,±¤¿î´ë,2,11:37:30,11:37:32
ÀÇ¿Õ,Ã»·®¸®,101,11:49:30,11:51:11
ÀÇ¿Õ,±¤¿î´ë,4,11:58:0,11:58:4
ÀÇ¿Õ,Ã»·®¸®,86,12:7:30,12:8:56
ÀÇ¿Õ,±¤¿î´ë,140,12:16:0,12:18:20
ÀÇ¿Õ,Ã»·®¸®,105,12:28:30,12:30:15
ÀÇ¿Õ,±¤¿î´ë,13,12:38:0,12:38:13
ÀÇ¿Õ,Ã»·®¸®,72,12:48:0,12:49:12
ÀÇ¿Õ,±¤¿î´ë,9,12:57:0,12:57:9
ÀÇ¿Õ,Ã»·®¸®,165,13:8:0,13:10:45
ÀÇ¿Õ,±¤¿î´ë,21,13:17:0,13:17:21
ÀÇ¿Õ,Ã»·®¸®,48,13:29:0,13:29:48
ÀÇ¿Õ,±¤¿î´ë,2,13:35:30,13:35:28
ÀÇ¿Õ,Ã»·®¸®,3,13:47:30,13:47:33
ÀÇ¿Õ,±¤¿î´ë,35,13:58:0,13:58:35
ÀÇ¿Õ,Ã»·®¸®,47,14:9:0,14:9:47
ÀÇ¿Õ,±¤¿î´ë,20,14:18:0,14:18:20
ÀÇ¿Õ,Ã»·®¸®,36,14:29:0,14:29:36
ÀÇ¿Õ,±¤¿î´ë,29,14:38:0,14:37:31
ÀÇ¿Õ,Ã»·®¸®,62,14:47:30,14:48:32
ÀÇ¿Õ,±¤¿î´ë,18,14:56:0,14:56:18
ÀÇ¿Õ,Ã»·®¸®,26,15:5:30,15:5:56
ÀÇ¿Õ,±¤¿î´ë,59,15:16:30,15:17:29
ÀÇ¿Õ,Ã»·®¸®,116,15:30:30,15:32:26
ÀÇ¿Õ,µ¿¹¦¾Õ,83,15:39:30,15:40:53
ÀÇ¿Õ,Ã»·®¸®,19,15:48:30,15:48:49
ÀÇ¿Õ,±¤¿î´ë,9,15:57:0,15:57:9
ÀÇ¿Õ,Ã»·®¸®,10,16:8:30,16:8:40
ÀÇ¿Õ,±¤¿î´ë,98,16:17:30,16:19:8
ÀÇ¿Õ,Ã»·®¸®,53,16:30:0,16:30:53
ÀÇ¿Õ,±¤¿î´ë,59,16:37:0,16:37:59
ÀÇ¿Õ,Ã»·®¸®,75,16:45:30,16:46:45
ÀÇ¿Õ,±¤¿î´ë,91,16:52:0,16:53:31
ÀÇ¿Õ,Ã»·®¸®,158,17:1:0,17:3:38
ÀÇ¿Õ,±¤¿î´ë,197,17:10:0,17:13:17
ÀÇ¿Õ,Ã»·®¸®,311,17:18:30,17:23:41
ÀÇ¿Õ,±¤¿î´ë,149,17:27:0,17:29:29
ÀÇ¿Õ,Ã»·®¸®,75,17:34:30,17:35:45
ÀÇ¿Õ,±¤¿î´ë,49,17:43:0,17:43:49
ÀÇ¿Õ,Ã»·®¸®,61,17:51:30,17:52:31
ÀÇ¿Õ,±¤¿î´ë,65,17:58:0,17:59:5
ÀÇ¿Õ,Ã»·®¸®,113,18:6:30,18:8:23
ÀÇ¿Õ,±¤¿î´ë,67,18:12:30,18:13:37
ÀÇ¿Õ,Ã»·®¸®,92,18:21:30,18:23:2
ÀÇ¿Õ,±¤¿î´ë,284,18:30:0,18:34:44
ÀÇ¿Õ,Ã»·®¸®,139,18:36:30,18:38:49
ÀÇ¿Õ,±¤¿î´ë,57,18:46:0,18:46:57
ÀÇ¿Õ,Ã»·®¸®,37,18:52:30,18:53:7
ÀÇ¿Õ,±¤¿î´ë,20,18:58:30,18:58:50
ÀÇ¿Õ,Ã»·®¸®,82,19:11:0,19:12:22
ÀÇ¿Õ,±¤¿î´ë,249,19:19:30,19:23:39
ÀÇ¿Õ,Ã»·®¸®,276,19:24:30,19:29:6
ÀÇ¿Õ,±¤¿î´ë,140,19:32:30,19:34:50
ÀÇ¿Õ,Ã»·®¸®,48,19:42:0,19:42:48
ÀÇ¿Õ,±¤¿î´ë,25,19:48:30,19:48:55
ÀÇ¿Õ,Ã»·®¸®,106,19:59:30,20:1:16
ÀÇ¿Õ,±¤¿î´ë,34,20:6:0,20:6:34
ÀÇ¿Õ,Ã»·®¸®,215,20:15:0,20:18:35
ÀÇ¿Õ,±¤¿î´ë,105,20:23:0,20:24:45
ÀÇ¿Õ,Ã»·®¸®,182,20:34:0,20:37:2
ÀÇ¿Õ,±¤¿î´ë,57,20:43:30,20:44:27
ÀÇ¿Õ,Ã»·®¸®,276,20:53:0,20:57:36
ÀÇ¿Õ,±¤¿î´ë,15,21:3:0,21:3:15
ÀÇ¿Õ,Ã»·®¸®,45,21:15:0,21:15:45
ÀÇ¿Õ,±¤¿î´ë,29,21:21:0,21:21:29
ÀÇ¿Õ,Ã»·®¸®,15,21:34:30,21:34:45
ÀÇ¿Õ,±¤¿î´ë,127,21:46:0,21:48:7
ÀÇ¿Õ,Ã»·®¸®,66,21:54:30,21:55:36
ÀÇ¿Õ,±¤¿î´ë,81,22:3:0,22:4:21
ÀÇ¿Õ,Ã»·®¸®,244,22:16:30,22:20:34
ÀÇ¿Õ,±¤¿î´ë,99,22:24:0,22:25:39
ÀÇ¿Õ,±¤¿î´ë,90,22:41:0,22:42:30
ÀÇ¿Õ,±¸·Î,23,22:53:30,22:53:53
ÀÇ¿Õ,µ¿¹¦¾Õ,90,23:4:0,23:5:30
ÀÇ¿Õ,±¸·Î,64,23:14:0,23:15:4
ÀÇ¿Õ,±¸·Î,123,23:44:0,23:46:3
