청구,응암(하선-),10,5:37:40,5:37:50
청구,응암(하선-),6,5:45:10,5:45:16
청구,응암(하선-),23,5:52:10,5:52:33
청구,응암(하선-),7,5:59:20,5:59:27
청구,응암(하선-),10,6:6:20,6:6:10
청구,응암(하선-),3,6:13:20,6:13:23
청구,응암(하선-),4,6:20:20,6:20:24
청구,응암(하선-),4,6:27:20,6:27:24
청구,응암(하선-),8,6:33:20,6:33:28
청구,응암(하선-),14,6:39:20,6:39:34
청구,응암(하선-),5,6:45:20,6:45:25
청구,응암(하선-),10,6:50:50,6:51:0
청구,응암(하선-),25,6:55:50,6:56:15
청구,응암(하선-),0,7:0:50,7:0:50
청구,응암(하선-),2,7:5:20,7:5:18
청구,응암(하선-),2,7:9:20,7:9:22
청구,응암(하선-),1,7:13:20,7:13:19
청구,응암(하선-),12,7:17:20,7:17:32
청구,응암(하선-),8,7:21:20,7:21:28
청구,응암(하선-),4,7:25:20,7:25:16
청구,응암(하선-),28,7:29:20,7:29:48
청구,응암(하선-),29,7:33:20,7:33:49
청구,응암(하선-),15,7:37:20,7:37:35
청구,응암(하선-),6,7:41:20,7:41:14
청구,응암(하선-),15,7:45:20,7:45:35
청구,응암(하선-),4,7:49:20,7:49:24
청구,응암(하선-),4,7:53:50,7:53:54
청구,응암(하선-),25,7:58:20,7:58:45
청구,응암(하선-),16,8:2:50,8:3:6
청구,응암(하선-),30,8:6:50,8:7:20
청구,응암(하선-),3,8:10:20,8:10:23
청구,응암(하선-),10,8:13:50,8:14:0
청구,응암(하선-),22,8:17:20,8:17:42
청구,응암(하선-),21,8:21:20,8:21:41
청구,응암(하선-),49,8:25:20,8:26:9
청구,응암(하선-),44,8:29:20,8:30:4
청구,응암(하선-),23,8:33:20,8:33:43
청구,응암(하선-),27,8:37:20,8:37:47
청구,응암(하선-),33,8:41:20,8:41:53
청구,응암(하선-),22,8:45:20,8:45:42
청구,새절(신사),21,8:49:20,8:49:41
청구,응암(하선-),30,8:54:0,8:54:30
청구,응암(하선-),31,8:59:0,8:59:31
청구,응암(하선-),40,9:5:0,9:5:40
청구,응암(하선-),48,9:11:0,9:11:48
청구,응암(하선-),43,9:17:0,9:17:43
청구,응암(하선-),36,9:24:0,9:24:36
청구,응암(하선-),81,9:31:0,9:32:21
청구,응암(하선-),36,9:38:0,9:38:36
청구,응암(하선-),38,9:45:0,9:45:38
청구,응암(하선-),44,9:52:0,9:52:44
청구,응암(하선-),54,9:59:0,9:59:54
청구,응암(하선-),28,10:6:0,10:6:28
청구,응암(하선-),29,10:13:0,10:13:29
청구,응암(하선-),35,10:20:0,10:20:35
청구,응암(하선-),71,10:27:0,10:28:11
청구,응암(하선-),25,10:34:0,10:34:25
청구,응암(하선-),41,10:41:0,10:41:41
청구,응암(하선-),39,10:48:0,10:48:39
청구,응암(하선-),31,10:55:0,10:55:31
청구,응암(하선-),49,11:2:0,11:2:49
청구,응암(하선-),29,11:9:0,11:9:29
청구,응암(하선-),7,11:16:0,11:16:7
청구,응암(하선-),12,11:23:0,11:23:12
청구,응암(하선-),58,11:30:0,11:30:58
청구,응암(하선-),31,11:37:0,11:37:31
청구,응암(하선-),47,11:44:0,11:44:47
청구,응암(하선-),24,11:51:0,11:51:24
청구,응암(하선-),41,11:58:0,11:58:41
청구,응암(하선-),37,12:5:0,12:5:37
청구,응암(하선-),51,12:12:0,12:12:51
청구,응암(하선-),15,12:19:0,12:19:15
청구,응암(하선-),28,12:26:0,12:26:28
청구,응암(하선-),14,12:33:0,12:33:14
청구,응암(하선-),24,12:40:0,12:40:24
청구,응암(하선-),45,12:47:0,12:47:45
청구,응암(하선-),53,12:54:0,12:54:53
청구,응암(하선-),23,13:1:0,13:1:23
청구,응암(하선-),67,13:8:0,13:9:7
청구,응암(하선-),24,13:15:0,13:15:24
청구,응암(하선-),50,13:22:0,13:22:50
청구,응암(하선-),38,13:29:0,13:29:38
청구,응암(하선-),74,13:36:0,13:37:14
청구,응암(하선-),35,13:43:0,13:43:35
청구,응암(하선-),47,13:50:0,13:50:47
청구,응암(하선-),29,13:57:0,13:57:29
청구,응암(하선-),48,14:4:0,14:4:48
청구,응암(하선-),38,14:11:0,14:11:38
청구,응암(하선-),60,14:18:0,14:19:0
청구,응암(하선-),25,14:25:0,14:25:25
청구,응암(하선-),58,14:32:0,14:32:58
청구,응암(하선-),29,14:39:0,14:39:29
청구,응암(하선-),46,14:46:0,14:46:46
청구,응암(하선-),49,14:53:0,14:53:49
청구,응암(하선-),66,15:0:0,15:1:6
청구,응암(하선-),41,15:7:0,15:7:41
청구,응암(하선-),58,15:14:0,15:14:58
청구,응암(하선-),25,15:21:0,15:21:25
청구,응암(하선-),46,15:28:0,15:28:46
청구,응암(하선-),28,15:35:0,15:35:28
청구,응암(하선-),57,15:42:0,15:42:57
청구,응암(하선-),29,15:49:0,15:49:29
청구,응암(하선-),56,15:56:0,15:56:56
청구,응암(하선-),19,16:3:0,16:3:19
청구,응암(하선-),60,16:10:0,16:11:0
청구,응암(하선-),28,16:17:0,16:17:28
청구,응암(하선-),60,16:24:0,16:25:0
청구,응암(하선-),54,16:31:0,16:31:54
청구,응암(하선-),34,16:37:0,16:37:34
청구,응암(하선-),12,16:43:0,16:43:12
청구,응암(하선-),25,16:49:0,16:49:25
청구,응암(하선-),28,16:55:0,16:55:28
청구,응암(하선-),15,17:1:0,17:1:15
청구,응암(하선-),48,17:7:0,17:7:48
청구,응암(하선-),52,17:13:0,17:13:52
청구,응암(하선-),44,17:19:0,17:19:44
청구,응암(하선-),29,17:25:0,17:25:29
청구,응암(하선-),17,17:31:0,17:31:17
청구,응암(하선-),32,17:37:0,17:37:32
청구,응암(하선-),20,17:43:0,17:43:20
청구,응암(하선-),21,17:49:0,17:49:21
청구,응암(하선-),21,17:55:0,17:55:21
청구,응암(하선-),27,18:1:0,18:1:27
청구,응암(하선-),9,18:7:0,18:7:9
청구,응암(하선-),16,18:13:0,18:13:16
청구,응암(하선-),16,18:19:0,18:19:16
청구,응암(하선-),31,18:25:0,18:25:31
청구,응암(하선-),32,18:30:0,18:30:32
청구,응암(하선-),38,18:35:0,18:35:38
청구,응암(하선-),19,18:40:0,18:40:19
청구,응암(하선-),32,18:45:0,18:45:32
청구,응암(하선-),60,18:50:0,18:51:0
청구,응암(하선-),50,18:56:0,18:56:50
청구,응암(하선-),72,19:2:0,19:3:12
청구,응암(하선-),22,19:8:0,19:8:22
청구,응암(하선-),11,19:14:0,19:14:11
청구,응암(하선-),20,19:20:0,19:20:20
청구,응암(하선-),80,19:26:0,19:27:20
청구,응암(하선-),23,19:33:0,19:33:23
청구,응암(하선-),14,19:40:0,19:40:14
청구,응암(하선-),11,19:47:0,19:47:11
청구,응암(하선-),11,19:54:0,19:54:11
청구,응암(하선-),21,20:1:0,20:1:21
청구,응암(하선-),37,20:8:0,20:8:37
청구,응암(하선-),4,20:16:0,20:16:4
청구,응암(하선-),26,20:24:0,20:24:26
청구,응암(하선-),25,20:32:0,20:32:25
청구,응암(하선-),29,20:40:0,20:40:29
청구,응암(하선-),32,20:48:0,20:48:32
청구,응암(하선-),13,20:56:0,20:56:13
청구,응암(하선-),19,21:4:0,21:4:19
청구,응암(하선-),15,21:12:0,21:12:15
청구,응암(하선-),21,21:20:0,21:20:21
청구,응암(하선-),12,21:28:0,21:28:12
청구,응암(하선-),19,21:37:0,21:37:19
청구,응암(하선-),42,21:46:0,21:46:42
청구,응암(하선-),48,21:55:0,21:55:48
청구,응암(하선-),39,22:4:0,22:4:39
청구,응암(하선-),32,22:13:0,22:13:32
청구,응암(하선-),53,22:22:0,22:22:53
청구,응암(하선-),20,22:32:0,22:32:20
청구,응암(하선-),40,22:41:0,22:41:40
청구,응암(하선-),13,22:51:20,22:51:33
청구,응암(하선-),39,23:2:20,23:2:59
청구,응암(하선-),9,23:14:20,23:14:29
청구,응암(하선-),5,23:22:20,23:22:25
청구,응암(하선-),10,23:32:20,23:32:30
청구,독바위,18,23:41:20,23:41:38
청구,응암(하선-),22,23:50:20,23:50:42
청구,한강진,5,23:59:20,23:59:15
청구,응암(하선-),19155,24:7:10,18:47:55
청구,새절(신사),17251,24:25:20,19:37:49
청구,공덕,15619,24:43:10,20:22:51
