몽촌토성(평화의문),모란,13,5:36:10,5:36:23
몽촌토성(평화의문),모란,2,5:46:10,5:46:8
몽촌토성(평화의문),모란,8,5:56:10,5:56:2
몽촌토성(평화의문),모란,17,6:6:10,6:5:53
몽촌토성(평화의문),모란,18,6:16:10,6:15:52
몽촌토성(평화의문),모란,26,6:26:10,6:25:44
몽촌토성(평화의문),모란,13,6:35:10,6:34:57
몽촌토성(평화의문),모란,6,6:44:10,6:44:4
몽촌토성(평화의문),모란,13,6:53:10,6:52:57
몽촌토성(평화의문),모란,6,7:1:10,7:1:16
몽촌토성(평화의문),모란,36,7:9:10,7:8:34
몽촌토성(평화의문),모란,19,7:17:10,7:16:51
몽촌토성(평화의문),모란,4,7:25:10,7:25:6
몽촌토성(평화의문),모란,8,7:33:10,7:33:2
몽촌토성(평화의문),모란,3,7:41:10,7:41:7
몽촌토성(평화의문),모란,17,7:49:10,7:48:53
몽촌토성(평화의문),모란,17,7:57:10,7:56:53
몽촌토성(평화의문),모란,10,8:5:10,8:5:0
몽촌토성(평화의문),모란,0,8:13:10,8:13:10
몽촌토성(평화의문),모란,5,8:21:10,8:21:5
몽촌토성(평화의문),모란,6,8:29:10,8:29:4
몽촌토성(평화의문),모란,25,8:37:10,8:37:35
몽촌토성(평화의문),모란,38,8:45:10,8:44:32
몽촌토성(평화의문),모란,10,8:53:10,8:53:0
몽촌토성(평화의문),모란,8,9:1:10,9:1:2
몽촌토성(평화의문),모란,3,9:9:10,9:9:13
몽촌토성(평화의문),모란,11,9:17:10,9:16:59
몽촌토성(평화의문),모란,11,9:25:10,9:25:21
몽촌토성(평화의문),모란,3,9:33:10,9:33:13
몽촌토성(평화의문),모란,20,9:41:10,9:40:50
몽촌토성(평화의문),모란,1,9:49:10,9:49:11
몽촌토성(평화의문),모란,6,9:57:10,9:57:4
몽촌토성(평화의문),모란,4,10:5:10,10:5:6
몽촌토성(평화의문),모란,15,10:13:10,10:12:55
몽촌토성(평화의문),모란,25,10:21:10,10:20:45
몽촌토성(평화의문),모란,9,10:29:10,10:29:1
몽촌토성(평화의문),모란,5,10:37:10,10:37:5
몽촌토성(평화의문),모란,1,10:45:10,10:45:9
몽촌토성(평화의문),모란,15,10:53:10,10:53:25
몽촌토성(평화의문),모란,7,11:1:10,11:1:3
몽촌토성(평화의문),모란,3,11:9:10,11:9:7
몽촌토성(평화의문),모란,7,11:17:10,11:17:3
몽촌토성(평화의문),모란,13,11:25:10,11:24:57
몽촌토성(평화의문),모란,4,11:33:10,11:33:14
몽촌토성(평화의문),모란,11,11:41:10,11:40:59
몽촌토성(평화의문),모란,13,11:49:10,11:48:57
몽촌토성(평화의문),모란,0,11:57:10,11:57:10
몽촌토성(평화의문),모란,4,12:5:10,12:5:6
몽촌토성(평화의문),모란,27,12:13:10,12:13:37
몽촌토성(평화의문),모란,7,12:21:10,12:21:3
몽촌토성(평화의문),모란,15,12:29:10,12:28:55
몽촌토성(평화의문),모란,9,12:37:10,12:37:1
몽촌토성(평화의문),모란,2,12:45:10,12:45:8
몽촌토성(평화의문),모란,37,12:53:10,12:52:33
몽촌토성(평화의문),모란,10,13:1:10,13:1:20
몽촌토성(평화의문),모란,8,13:9:10,13:9:2
몽촌토성(평화의문),모란,4,13:17:10,13:17:6
몽촌토성(평화의문),모란,12,13:25:10,13:25:22
몽촌토성(평화의문),모란,22,13:33:10,13:33:32
몽촌토성(평화의문),모란,7,13:41:10,13:41:17
몽촌토성(평화의문),모란,1,13:49:10,13:49:11
몽촌토성(평화의문),모란,7,13:57:10,13:57:3
몽촌토성(평화의문),모란,9,14:5:10,14:5:1
몽촌토성(평화의문),모란,16,14:13:10,14:12:54
몽촌토성(평화의문),모란,1,14:21:10,14:21:9
몽촌토성(평화의문),모란,16,14:29:10,14:28:54
몽촌토성(평화의문),모란,6,14:37:10,14:37:16
몽촌토성(평화의문),모란,3,14:45:10,14:45:7
몽촌토성(평화의문),모란,1,14:53:10,14:53:9
몽촌토성(평화의문),모란,2,15:1:10,15:1:12
몽촌토성(평화의문),모란,11,15:9:10,15:8:59
몽촌토성(평화의문),모란,10,15:17:10,15:17:0
몽촌토성(평화의문),모란,9,15:25:10,15:25:1
몽촌토성(평화의문),모란,1,15:33:10,15:33:9
몽촌토성(평화의문),모란,15,15:41:10,15:40:55
몽촌토성(평화의문),모란,10,15:49:10,15:49:0
몽촌토성(평화의문),모란,18,15:57:10,15:57:28
몽촌토성(평화의문),모란,3,16:5:10,16:5:7
몽촌토성(평화의문),모란,10,16:13:10,16:13:20
몽촌토성(평화의문),모란,10,16:21:10,16:21:0
몽촌토성(평화의문),모란,17,16:29:10,16:28:53
몽촌토성(평화의문),모란,5,16:37:10,16:37:5
몽촌토성(평화의문),모란,11,16:45:10,16:44:59
몽촌토성(평화의문),모란,1,16:53:10,16:53:11
몽촌토성(평화의문),모란,0,17:1:10,17:1:10
몽촌토성(평화의문),모란,1,17:9:10,17:9:11
몽촌토성(평화의문),모란,13,17:17:10,17:16:57
몽촌토성(평화의문),모란,3,17:25:10,17:25:13
몽촌토성(평화의문),모란,10,17:33:10,17:33:0
몽촌토성(평화의문),모란,3,17:41:10,17:41:7
몽촌토성(평화의문),모란,29,17:49:10,17:48:41
몽촌토성(평화의문),모란,17,17:57:10,17:56:53
몽촌토성(평화의문),모란,14,18:5:10,18:4:56
몽촌토성(평화의문),모란,1,18:13:10,18:13:11
몽촌토성(평화의문),모란,4,18:21:10,18:21:6
몽촌토성(평화의문),모란,7,18:29:10,18:29:3
몽촌토성(평화의문),모란,27,18:37:10,18:36:43
몽촌토성(평화의문),모란,13,18:45:10,18:45:23
몽촌토성(평화의문),모란,9,18:53:10,18:53:1
몽촌토성(평화의문),모란,5,19:1:10,19:1:5
몽촌토성(평화의문),모란,20,19:9:10,19:8:50
몽촌토성(평화의문),모란,5,19:17:10,19:17:5
몽촌토성(평화의문),모란,20,19:25:10,19:24:50
몽촌토성(평화의문),모란,6,19:33:10,19:33:4
몽촌토성(평화의문),모란,11,19:41:10,19:40:59
몽촌토성(평화의문),모란,0,19:49:10,19:49:10
몽촌토성(평화의문),모란,30,19:57:10,19:56:40
몽촌토성(평화의문),모란,7,20:5:10,20:5:3
몽촌토성(평화의문),모란,5,20:13:10,20:13:5
몽촌토성(평화의문),모란,14,20:21:10,20:20:56
몽촌토성(평화의문),모란,13,20:29:10,20:28:57
몽촌토성(평화의문),모란,4,20:37:10,20:37:6
몽촌토성(평화의문),모란,7,20:45:10,20:45:3
몽촌토성(평화의문),모란,22,20:53:10,20:53:32
몽촌토성(평화의문),모란,16,21:1:10,21:0:54
몽촌토성(평화의문),모란,17,21:9:10,21:8:53
몽촌토성(평화의문),모란,17,21:17:10,21:16:53
몽촌토성(평화의문),모란,12,21:25:10,21:24:58
몽촌토성(평화의문),모란,9,21:33:10,21:33:1
몽촌토성(평화의문),모란,20,21:41:10,21:40:50
몽촌토성(평화의문),모란,8,21:49:10,21:49:2
몽촌토성(평화의문),모란,12,21:57:10,21:56:58
몽촌토성(평화의문),모란,2,22:5:10,22:5:12
몽촌토성(평화의문),모란,13,22:13:10,22:13:23
몽촌토성(평화의문),모란,8,22:21:10,22:21:2
몽촌토성(평화의문),모란,7,22:29:10,22:29:17
몽촌토성(평화의문),모란,7,22:38:10,22:38:3
몽촌토성(평화의문),모란,3,22:47:10,22:47:7
몽촌토성(평화의문),모란,0,22:57:10,22:57:10
몽촌토성(평화의문),모란,29,23:7:10,23:6:41
몽촌토성(평화의문),모란,17,23:17:10,23:16:53
몽촌토성(평화의문),모란,0,23:28:10,23:28:10
몽촌토성(평화의문),모란,9,23:41:10,23:41:1
몽촌토성(평화의문),가락시장,58,23:56:10,23:57:8
