³ëµé,Áß¾Óº¸ÈÆº´¿ø,15,5:36:0,5:35:45
³ëµé,Áß¾Óº¸ÈÆº´¿ø,34,5:49:35,5:49:1
³ëµé,Áß¾Óº¸ÈÆº´¿ø,16,6:1:35,6:1:19
³ëµé,Áß¾Óº¸ÈÆº´¿ø,17,6:12:0,6:11:43
³ëµé,Áß¾Óº¸ÈÆº´¿ø,42,6:24:0,6:24:42
³ëµé,Áß¾Óº¸ÈÆº´¿ø,13,6:36:0,6:35:47
³ëµé,Áß¾Óº¸ÈÆº´¿ø,7,6:48:0,6:47:53
³ëµé,Áß¾Óº¸ÈÆº´¿ø,9,6:59:45,6:59:54
³ëµé,Áß¾Óº¸ÈÆº´¿ø,15,7:10:40,7:10:55
³ëµé,Áß¾Óº¸ÈÆº´¿ø,73,7:21:40,7:22:53
³ëµé,Áß¾Óº¸ÈÆº´¿ø,65,7:35:20,7:36:25
³ëµé,Áß¾Óº¸ÈÆº´¿ø,6,7:44:30,7:44:36
³ëµé,Áß¾Óº¸ÈÆº´¿ø,107,7:55:0,7:56:47
³ëµé,Áß¾Óº¸ÈÆº´¿ø,102,8:5:0,8:6:42
³ëµé,Áß¾Óº¸ÈÆº´¿ø,181,8:15:0,8:18:1
³ëµé,Áß¾Óº¸ÈÆº´¿ø,163,8:25:0,8:27:43
³ëµé,Áß¾Óº¸ÈÆº´¿ø,141,8:35:0,8:37:21
³ëµé,Áß¾Óº¸ÈÆº´¿ø,144,8:43:10,8:45:34
³ëµé,Áß¾Óº¸ÈÆº´¿ø,117,8:48:40,8:50:37
³ëµé,Áß¾Óº¸ÈÆº´¿ø,180,8:59:40,9:2:40
³ëµé,Áß¾Óº¸ÈÆº´¿ø,135,9:10:40,9:12:55
³ëµé,Áß¾Óº¸ÈÆº´¿ø,44,9:21:40,9:22:24
³ëµé,Áß¾Óº¸ÈÆº´¿ø,67,9:32:40,9:33:47
³ëµé,Áß¾Óº¸ÈÆº´¿ø,96,9:43:40,9:45:16
³ëµé,Áß¾Óº¸ÈÆº´¿ø,4,9:54:40,9:54:44
³ëµé,Áß¾Óº¸ÈÆº´¿ø,110,10:5:40,10:7:30
³ëµé,Áß¾Óº¸ÈÆº´¿ø,55,10:16:40,10:17:35
³ëµé,Áß¾Óº¸ÈÆº´¿ø,2,10:27:40,10:27:38
³ëµé,Áß¾Óº¸ÈÆº´¿ø,27,10:38:40,10:39:7
³ëµé,Áß¾Óº¸ÈÆº´¿ø,4,10:49:40,10:49:44
³ëµé,Áß¾Óº¸ÈÆº´¿ø,16,11:0:40,11:0:24
³ëµé,Áß¾Óº¸ÈÆº´¿ø,11,11:11:40,11:11:51
³ëµé,Áß¾Óº¸ÈÆº´¿ø,24,11:22:40,11:23:4
³ëµé,Áß¾Óº¸ÈÆº´¿ø,11,11:33:40,11:33:51
³ëµé,Áß¾Óº¸ÈÆº´¿ø,23,11:44:40,11:45:3
³ëµé,Áß¾Óº¸ÈÆº´¿ø,1,11:55:40,11:55:39
³ëµé,Áß¾Óº¸ÈÆº´¿ø,10,12:7:0,12:6:50
³ëµé,Áß¾Óº¸ÈÆº´¿ø,6,12:19:0,12:18:54
³ëµé,Áß¾Óº¸ÈÆº´¿ø,12,12:30:40,12:30:52
³ëµé,Áß¾Óº¸ÈÆº´¿ø,18,12:41:40,12:41:58
³ëµé,Áß¾Óº¸ÈÆº´¿ø,25,12:52:40,12:52:15
³ëµé,Áß¾Óº¸ÈÆº´¿ø,27,13:3:40,13:4:7
³ëµé,Áß¾Óº¸ÈÆº´¿ø,35,13:14:40,13:14:5
³ëµé,Áß¾Óº¸ÈÆº´¿ø,7,13:25:40,13:25:47
³ëµé,Áß¾Óº¸ÈÆº´¿ø,3,13:36:40,13:36:37
³ëµé,Áß¾Óº¸ÈÆº´¿ø,26,13:47:40,13:48:6
³ëµé,Áß¾Óº¸ÈÆº´¿ø,25,13:58:40,13:59:5
³ëµé,Áß¾Óº¸ÈÆº´¿ø,8,14:9:40,14:9:48
³ëµé,Áß¾Óº¸ÈÆº´¿ø,21,14:21:0,14:20:39
³ëµé,Áß¾Óº¸ÈÆº´¿ø,17,14:33:0,14:33:17
³ëµé,Áß¾Óº¸ÈÆº´¿ø,15,14:44:40,14:44:55
³ëµé,Áß¾Óº¸ÈÆº´¿ø,18,14:55:40,14:55:58
³ëµé,Áß¾Óº¸ÈÆº´¿ø,6,15:6:40,15:6:34
³ëµé,Áß¾Óº¸ÈÆº´¿ø,12,15:17:40,15:17:52
³ëµé,Áß¾Óº¸ÈÆº´¿ø,37,15:28:40,15:29:17
³ëµé,Áß¾Óº¸ÈÆº´¿ø,18,15:39:40,15:39:58
³ëµé,Áß¾Óº¸ÈÆº´¿ø,5,15:50:40,15:50:45
³ëµé,Áß¾Óº¸ÈÆº´¿ø,3,16:1:40,16:1:43
³ëµé,Áß¾Óº¸ÈÆº´¿ø,31,16:12:40,16:12:9
³ëµé,Áß¾Óº¸ÈÆº´¿ø,27,16:23:40,16:24:7
³ëµé,Áß¾Óº¸ÈÆº´¿ø,29,16:34:40,16:34:11
³ëµé,Áß¾Óº¸ÈÆº´¿ø,26,16:42:50,16:42:24
³ëµé,Áß¾Óº¸ÈÆº´¿ø,6,16:45:40,16:45:46
³ëµé,Áß¾Óº¸ÈÆº´¿ø,21,16:56:40,16:57:1
³ëµé,Áß¾Óº¸ÈÆº´¿ø,11,17:7:40,17:7:51
³ëµé,Áß¾Óº¸ÈÆº´¿ø,22,17:15:50,17:15:28
³ëµé,Áß¾Óº¸ÈÆº´¿ø,13,17:24:10,17:23:57
³ëµé,Áß¾Óº¸ÈÆº´¿ø,34,17:32:20,17:32:54
³ëµé,Áß¾Óº¸ÈÆº´¿ø,8,17:41:0,17:40:52
³ëµé,Áß¾Óº¸ÈÆº´¿ø,59,17:49:40,17:50:39
³ëµé,Áß¾Óº¸ÈÆº´¿ø,48,17:58:20,17:59:8
³ëµé,Áß¾Óº¸ÈÆº´¿ø,35,18:7:0,18:7:35
³ëµé,Áß¾Óº¸ÈÆº´¿ø,63,18:15:40,18:16:43
³ëµé,Áß¾Óº¸ÈÆº´¿ø,67,18:24:20,18:25:27
³ëµé,Áß¾Óº¸ÈÆº´¿ø,102,18:33:0,18:34:42
³ëµé,Áß¾Óº¸ÈÆº´¿ø,160,18:41:40,18:44:20
³ëµé,Áß¾Óº¸ÈÆº´¿ø,55,18:50:40,18:51:35
³ëµé,Áß¾Óº¸ÈÆº´¿ø,60,18:59:40,19:0:40
³ëµé,Áß¾Óº¸ÈÆº´¿ø,51,19:8:40,19:9:31
³ëµé,Áß¾Óº¸ÈÆº´¿ø,42,19:17:40,19:18:22
³ëµé,Áß¾Óº¸ÈÆº´¿ø,100,19:26:30,19:28:10
³ëµé,Áß¾Óº¸ÈÆº´¿ø,129,19:35:10,19:37:19
³ëµé,Áß¾Óº¸ÈÆº´¿ø,156,19:43:50,19:46:26
³ëµé,Áß¾Óº¸ÈÆº´¿ø,152,19:52:40,19:55:12
³ëµé,Áß¾Óº¸ÈÆº´¿ø,153,20:2:0,20:4:33
³ëµé,Áß¾Óº¸ÈÆº´¿ø,57,20:12:10,20:13:7
³ëµé,Áß¾Óº¸ÈÆº´¿ø,8,20:22:10,20:22:2
³ëµé,Áß¾Óº¸ÈÆº´¿ø,25,20:32:10,20:31:45
³ëµé,Áß¾Óº¸ÈÆº´¿ø,36,20:42:10,20:41:34
³ëµé,Áß¾Óº¸ÈÆº´¿ø,33,20:52:10,20:51:37
³ëµé,Áß¾Óº¸ÈÆº´¿ø,29,21:2:10,21:1:41
³ëµé,Áß¾Óº¸ÈÆº´¿ø,27,21:12:10,21:11:43
³ëµé,Áß¾Óº¸ÈÆº´¿ø,34,21:22:10,21:21:36
³ëµé,Áß¾Óº¸ÈÆº´¿ø,22,21:32:10,21:31:48
³ëµé,Áß¾Óº¸ÈÆº´¿ø,23,21:42:10,21:41:47
³ëµé,Áß¾Óº¸ÈÆº´¿ø,32,21:52:10,21:51:38
³ëµé,Áß¾Óº¸ÈÆº´¿ø,35,22:2:10,22:1:35
³ëµé,Áß¾Óº¸ÈÆº´¿ø,33,22:12:10,22:11:37
³ëµé,Áß¾Óº¸ÈÆº´¿ø,21,22:21:45,22:21:24
³ëµé,Áß¾Óº¸ÈÆº´¿ø,12,22:31:40,22:31:28
³ëµé,Áß¾Óº¸ÈÆº´¿ø,16,22:37:40,22:37:24
³ëµé,Áß¾Óº¸ÈÆº´¿ø,13,22:48:40,22:48:53
³ëµé,Áß¾Óº¸ÈÆº´¿ø,18,22:59:40,22:59:22
³ëµé,Áß¾Óº¸ÈÆº´¿ø,10,23:10:40,23:10:30
³ëµé,Áß¾Óº¸ÈÆº´¿ø,28,23:21:40,23:21:12
³ëµé,Áß¾Óº¸ÈÆº´¿ø,19,23:32:40,23:32:21
³ëµé,Áß¾Óº¸ÈÆº´¿ø,7,23:43:40,23:43:47
³ëµé,Áß¾Óº¸ÈÆº´¿ø,13,23:54:40,23:54:27
³ëµé,Áß¾Óº¸ÈÆº´¿ø,9581,24:5:40,21:25:59
³ëµé,Áß¾Óº¸ÈÆº´¿ø,9611,24:16:40,21:36:29
³ëµé,»ïÀü,10822,24:29:40,21:29:18
³ëµé,½Å³íÇö,9624,24:42:40,22:2:16
³ëµé,µ¿ÀÛ,9616,24:55:40,22:15:24
