Επ°θΏψ,ΓαΓµ,5,5:42:20,5:42:15
Επ°θΏψ,ΓαΓµ,87,6:12:20,6:13:47
Επ°θΏψ,ΓαΓµ,85,6:37:20,6:38:45
Επ°θΏψ,ΓαΓµ,20,7:6:40,7:6:20
Επ°θΏψ,ΓαΓµ,185,7:37:40,7:40:45
Επ°θΏψ,ΓαΓµ,84,7:57:20,7:58:44
Επ°θΏψ,ΓαΓµ,112,8:18:40,8:20:32
Επ°θΏψ,ΓαΓµ,20,8:47:30,8:47:50
Επ°θΏψ,ΓαΓµ,88,9:10:20,9:11:48
Επ°θΏψ,ΓαΓµ,92,9:40:20,9:41:52
Επ°θΏψ,ΓαΓµ,92,10:3:30,10:5:2
Επ°θΏψ,ΓαΓµ,82,10:30:20,10:31:42
Επ°θΏψ,ΓαΓµ,46,10:46:20,10:47:6
Επ°θΏψ,ΓαΓµ,82,11:19:20,11:20:42
Επ°θΏψ,ΓαΓµ,163,11:45:40,11:48:23
Επ°θΏψ,ΓαΓµ,163,12:9:20,12:12:3
Επ°θΏψ,ΓαΓµ,64,12:29:20,12:30:24
Επ°θΏψ,ΓαΓµ,33,12:52:20,12:52:53
Επ°θΏψ,ΓαΓµ,100,13:17:20,13:19:0
Επ°θΏψ,ΓαΓµ,43,13:38:20,13:39:3
Επ°θΏψ,ΓαΓµ,94,14:12:40,14:14:14
Επ°θΏψ,ΓαΓµ,76,14:38:20,14:39:36
Επ°θΏψ,ΓαΓµ,116,15:2:20,15:4:16
Επ°θΏψ,ΓαΓµ,117,15:35:30,15:37:27
Επ°θΏψ,ΓαΓµ,72,15:56:20,15:57:32
Επ°θΏψ,ΓαΓµ,62,16:16:30,16:17:32
Επ°θΏψ,ΓαΓµ,106,16:42:20,16:44:6
Επ°θΏψ,ΓαΓµ,306,17:10:40,17:15:46
Επ°θΏψ,ΓαΓµ,49,17:26:0,17:26:49
Επ°θΏψ,ΓαΓµ,71,17:56:20,17:57:31
Επ°θΏψ,ΓαΓµ,86,18:22:20,18:23:46
Επ°θΏψ,ΓαΓµ,48,18:47:20,18:48:8
Επ°θΏψ,ΓαΓµ,52,19:12:20,19:13:12
Επ°θΏψ,ΓαΓµ,55,19:47:40,19:48:35
Επ°θΏψ,ΓαΓµ,90,20:12:40,20:14:10
Επ°θΏψ,ΓαΓµ,97,20:29:40,20:31:17
Επ°θΏψ,ΓαΓµ,98,20:50:20,20:51:58
Επ°θΏψ,ΓαΓµ,70,21:16:20,21:17:30
Επ°θΏψ,ΓαΓµ,43,21:42:20,21:43:3
Επ°θΏψ,ΓαΓµ,272,22:21:40,22:26:12
Επ°θΏψ,ΓαΓµ,14,22:57:20,22:57:34
Επ°θΏψ,ΓαΓµ,120,23:24:20,23:26:20
Επ°θΏψ,Ζς³»Θ£Ζς,215,24:1:30,24:5:5
